"age","isOlder","IQ","responseTime","performance","id","university"
55,FALSE,100.954989616687,1934,0.409538629935818,"eGefdlWbLzSC",1
27,FALSE,134.082143461711,1899,0.298809245910131,"gCuEFrYYXEko",0
23,FALSE,129.357175672639,1417,0.695531792015003,"ZVDqH0YnvBCN",1
30,FALSE,116.836427832314,1675,0.117932239835018,"WXJ07XTSttsL",1
34,FALSE,129.635206541336,1581,0.689839609348183,"XNxh8SkFhsB8",0
31,FALSE,80.3446205421772,1382,0.497974932413379,"ZuqhyxzMJF7b",1
41,FALSE,89.8681479452636,1924,0.241950871769063,"J11cbjaTgM4O",0
44,FALSE,75.767828450432,2099,0.26908951228618,"lPctzCrpHa34",0
36,FALSE,113.787581370681,1500,0.412562031273651,"DgGPoWArKrYB",0
62,TRUE,67.3744749779545,1927,0.459288190166718,"ITsarGBVXjGi",1
48,FALSE,99.7998978320117,2021,0.488126812814291,"lA74fQ9CP1Pj",0
36,FALSE,90.9564864280087,1784,0.429150923152502,"HHemtdNsXRL6",1
52,FALSE,101.070356825455,2435,0.657548642789301,"aNAmZUBvCORE",1
43,FALSE,77.4251281133246,1763,0.267455984715749,"Yh7ZkCN9Iihk",0
30,FALSE,91.3889454836182,1847,0.512690321342863,"GWetx7KYGIa0",1
19,FALSE,110.41344537291,1467,0.736860064682327,"IVcaS2GD46SI",1
56,FALSE,74.6101661284863,2260,0.354694311728883,"WfvixvHhHO47",0
23,FALSE,122.579360532437,1589,0.767454630622471,"fd7EW4ELR6Vd",1
18,FALSE,129.044318009373,1404,0.238895664826343,"m56dlXjCEB7z",0
18,FALSE,126.23148201295,1527,0.422787214708601,"qrcqc8vqZJoP",1
24,FALSE,136.604776480123,1476,0.495963152822321,"WGJW04iJSOjW",1
19,FALSE,131.759741561569,1611,0.836817132875135,"RLnyYOV3Pymh",1
34,FALSE,114.855339740886,1446,0.881208944255202,"eW8mfr6bikj9",1
49,FALSE,95.9921940578261,1997,0.40231000496708,"giDYa6CIdsB0",0
46,FALSE,91.0269418391531,1919,0.678535847245168,"hjRIssjudK49",1
53,FALSE,85.1211831464351,2197,0.14209763962619,"OcgmaIRdNKeP",0
35,FALSE,103.199395854992,1569,0.588786078193131,"zzPUoXzK2To1",1
26,FALSE,130.087875129759,1751,0.581441646562365,"lWjIIZzv2lwv",1
48,FALSE,97.902830537082,2152,0.508945980317971,"ziCP7kodx5Sg",1
19,FALSE,136.104866589705,1646,0.573409945553486,"koxD4xRNYrT4",1
20,FALSE,116.930747605175,2060,0.610268720591474,"nR01yT7LWydN",1
26,FALSE,101.453829004131,1586,0.549067357568017,"DEqE21eMfNmC",1
33,FALSE,125.776564338835,1697,0.584021476705898,"6InI5dvhGYiI",1
55,FALSE,107.764661376418,2952,0.469762013898998,"kzAC8Ukdwq83",1
36,FALSE,112.967146679969,1765,0.770395555979701,"nmfYeOVfPG66",1
40,FALSE,99.8029257562089,1564,0.704890826586996,"IbNGngoJqlu2",1
30,FALSE,102.589488278042,1593,0.428880408517886,"CWbbtOSexBzL",1
65,TRUE,83.9326881810494,2994,0.52797718572229,"0y0NgTxo00nK",1
19,FALSE,118.119525740016,1411,0.522013749900723,"fcaLGIQPTQub",0
60,FALSE,102.132889515204,2544,0.411630660933698,"4EP18PHDxrkB",1
34,FALSE,101.1783984517,1809,0.541741017629145,"JgNjdvddOwnJ",1
30,FALSE,105.897583959812,1895,0.71866235890187,"1MrtIipItIXJ",1
59,FALSE,100.410391845431,2308,0.543020887680428,"eL2r9Y1Hxwk4",1
18,FALSE,145.416583175803,1165,0.754550631194934,"TTmPUSjRvO5U",0
30,FALSE,87.9574647214126,1512,0.288321720257902,"HEFSdTUX7MPt",0
38,FALSE,108.916742630399,1913,0.657207257648085,"DgZrVUbJyAZw",1
51,FALSE,83.8478554177611,2240,0.363496135563217,"lgrwgWNDGtCC",0
34,FALSE,105.566088382835,1634,0.61566404676286,"Mk9OAYqJ2cSS",1
31,FALSE,93.8055368060765,1504,0.790017492838553,"kvN8sCUGqXQ0",1
20,FALSE,117.818339468855,1572,0.647617395935202,"2J7ClN8iaF2l",0
27,FALSE,101.309823424713,1615,0.28551663271233,"TSY6inuQMntF",0
52,FALSE,85.7633824594657,2308,0.454606059863665,"7oOAIFUmTynD",1
27,FALSE,89.8594266110212,1577,0.539275526604489,"Pgy8OlquFfmc",1
56,FALSE,79.1457430602397,2755,0.29545324088359,"wGMQx9Kt992a",0
26,FALSE,101.155509016452,1447,0.372099910696652,"DJ9rUAaPVG6V",0
31,FALSE,80.2737068297112,1637,0.339918770435963,"cEWAMgNPI2Mk",1
42,FALSE,101.712824327927,2089,0.171721620504619,"6kIr2qZX3EYZ",0
52,FALSE,84.2347235001794,1989,0.589333430137333,"thYDmQAqZYtO",1
55,FALSE,56.4932741483093,2275,0.32267618507707,"xuyEQ0WshXm2",1
37,FALSE,121.176457810339,1659,0.689187175961449,"1JvrK7NX6Ftu",1
33,FALSE,83.996789554487,1697,0.57904809937555,"JQMLgYwAdEVJ",1
63,TRUE,101.482054542375,2371,0.505743679999424,"fdsymm5OVPbI",1
35,FALSE,102.350571391608,1658,0.630110286285219,"jUG6omJVih7R",1
44,FALSE,92.6177643636354,1691,0.499709391189551,"L0KLsDItKLW7",1
65,TRUE,86.5462251241063,3013,0.317780983932769,"qffIwUxUzJ8x",0
60,FALSE,76.5012942538281,2678,0.482633767085708,"5Sd9Lt6caw8l",1
51,FALSE,99.8155434807489,1829,0.456225420411738,"8yumSgNWN4sU",1
22,FALSE,112.543733748365,1442,0.497973638795942,"XBQDlrtx6pqZ",0
44,FALSE,93.622007483511,1812,0.514525533909251,"zpJO2MdGUEmB",1
30,FALSE,114.977850615205,1525,0.401686409309958,"lX7IiE6rXHrC",0
35,FALSE,87.9841986204913,1988,0.620805235987838,"eIxbMwhU6znL",1
58,FALSE,78.3630581627889,2785,0.166937053113145,"lSuOUqGNGMxz",0
19,FALSE,137.726745309403,1428,0.49739984637562,"KyWcZQLCNEF5",0
46,FALSE,113.391578234019,2155,0.707510116402627,"z5OmEpIZQezN",1
58,FALSE,100.014942860567,2770,0.54816340369372,"5ZhrKXoPjnuS",0
47,FALSE,91.3177121317121,2359,0.512190675540391,"qP59FRiaWBOo",1
53,FALSE,80.7475204958489,2401,0.345892165407247,"m9CCsk7lTDuS",1
41,FALSE,74.7296617615982,1605,0.428536628182803,"iNbDsbRutMvr",1
32,FALSE,110.184191925971,1809,0.778100330094949,"T5tK0BR0vRaB",1
51,FALSE,124.764813153058,2225,0.529176837266249,"40PSfe7nasAO",1
58,FALSE,79.3066916043303,2411,0.340813755019758,"o4peQhpVshgk",1
28,FALSE,86.7950265410204,1952,0.0797195326612325,"iqcDQNTAA42D",0
65,TRUE,73.5606142631427,2503,0.54747331563284,"Qy5joMT8AkGW",1
42,FALSE,93.7379889693879,1642,0.510037169461548,"aV9wZdoScOuu",1
49,FALSE,98.3939543815278,2406,0.855083995292932,"yI4QFwjMySuE",1
24,FALSE,119.503835151865,1352,0.164135350046541,"ixaNyouvzcgb",0
26,FALSE,124.730528339315,1665,0.848448291705139,"kLB3zB6JwCMc",1
26,FALSE,125.138844572724,1508,0.523373155230912,"RTErs1Rk1Kfg",0
41,FALSE,120.15550811542,1660,0.525823243676509,"vMtxun4BIy1O",0
46,FALSE,92.1603962927427,1955,0.62286374420979,"oHp2tyd0Q4Jl",1
18,FALSE,129.625683062009,1399,0.539698346351599,"DGxMBgG8ZIzn",0
25,FALSE,110.07975396496,1545,0.508719561793008,"intHBVt0mV3h",1
47,FALSE,108.941953145473,1705,0.515387712396458,"ULzicgZ3aQuu",1
37,FALSE,104.192880331782,1764,0.606270377579262,"XQS8wC3Xrhw6",1
43,FALSE,77.5462491501417,2065,0.260259086166274,"q8GcEvdTXCfO",0
35,FALSE,76.4343823338648,1853,0.184691076956385,"xRkT9WLh3bjk",0
37,FALSE,114.135684341744,1836,0.680800912446379,"pJAovWqXMSVJ",1
54,FALSE,105.002763380913,1940,0.665365488200008,"4ksCRjd95FJs",1
19,FALSE,156.430637991141,1859,0.733404347063471,"S4K22pfgNyVD",0
54,FALSE,82.9617008493804,2173,0.586381263850991,"oSHAub9ybb3l",1
30,FALSE,75.2250100559351,1694,0.491266817132759,"Q2kT2kX7A9SV",1
48,FALSE,70.8157779848853,1937,0.36621026452302,"TSdRte4PgK6n",1
45,FALSE,105.14682018661,2194,0.47479397823184,"cp1vOoArLHDO",1
62,TRUE,79.0501219583493,2633,0.329972205872872,"QIc5xfTDt2Q2",0
43,FALSE,94.7198108548701,1896,0.183991083301225,"2WBZD0kB9Q0r",0
49,FALSE,89.7279928927504,2106,0.332914260136144,"07uOgrcBlaPP",1
26,FALSE,103.285320973457,1641,0.55647508469196,"RbVkjHiGu3Cx",1
47,FALSE,85.1608043183245,1773,0.268806020284133,"V4yeTScrgKuj",0
25,FALSE,110.049920646799,1604,0.646567437923937,"eMJrBZVhNjjG",1
46,FALSE,127.518649569675,2302,0.372447788986524,"MpikUDGNMeU2",0
49,FALSE,78.8689994416956,1728,0.257143752990669,"ZZ1nLt2p3gHp",0
44,FALSE,88.4874335226796,2049,0.300652640788946,"fkpxD1mOua4X",0
56,FALSE,90.0743445727596,2636,0.578558410603032,"3wpnFu9Nexx2",1
30,FALSE,107.385817914141,1712,0.570209265423506,"3zOXPncwZuY6",1
47,FALSE,63.8662425270918,1899,0.356803293061065,"Ol60qQMtvTZm",1
49,FALSE,93.5257693506796,2082,0.371586532079851,"rIaBhgL2TWDY",0
26,FALSE,114.341018042946,1585,0.606756700889407,"aeZXso3LPGXG",1
26,FALSE,108.757009563753,1580,0.442067983480727,"daRDckj2Mv3G",1
18,FALSE,132.308900946536,1112,0.256863385755594,"QEa6Py9tEJ3E",0
31,FALSE,86.1378263159449,1830,0.345801591935987,"niqFbMEECoLJ",0
49,FALSE,85.9506164649175,1904,0.438624420008886,"YCR5AECorN8H",1
43,FALSE,83.6573564509585,1834,0.457227329845465,"O0E6NXizNd6A",1
37,FALSE,115.013267788074,1860,0.596401137421306,"0xdBx1ZeiMfU",1
29,FALSE,135.595243294437,1600,0.459138962101884,"fGT5G0AQeINC",0
35,FALSE,114.803248303852,1754,0.852359290143211,"2tmF7y9V93G0",0
63,TRUE,82.0220927824341,2916,0.306804673597147,"flrWtT1HsHvc",0
21,FALSE,129.53766885782,1367,0.790226282633451,"v2Qbza17UHPA",1
62,TRUE,92.1571854023967,2537,0.174472108015238,"loK0EMnLyev0",0
55,FALSE,100.799976226331,1996,0.58660400888369,"Vzc0Sudxaij8",1
45,FALSE,104.752081140658,2613,0.520923408843951,"Z6kEY3SYLfIH",1
46,FALSE,97.410963786789,1991,0.758290671420589,"HGarvaMCn7Kd",1
32,FALSE,137.928187229246,1631,0.668123667810338,"NXsLvXy1hcGg",1
40,FALSE,85.5770301034812,1589,0.647942152243948,"tHl5t04dSalw",1
31,FALSE,85.5723030689566,1565,0.402790022944747,"jMNRJXc42Btt",1
24,FALSE,77.7297864358572,1652,0.37973858192692,"bI1cWmavtLZv",1
58,FALSE,66.7807207109299,2197,0.230262853764238,"JuLGRytM1BpZ",0
19,FALSE,103.204881811359,1414,0.22787194075005,"bOmmX3SQm9E0",0
48,FALSE,62.839675095833,2152,0.384824015433782,"v9bsNqDP9AUU",1
28,FALSE,110.39057989346,1735,0.600989748508201,"OaDRQtvxtpNm",1
30,FALSE,116.187264587041,1823,0.37064736792427,"otKWEJis0yQe",0
45,FALSE,80.1452691787389,1925,0.364024194483282,"ztinnohUL0fz",0
20,FALSE,129.561699101327,1596,0.533990951561039,"8SZzIvAUAAoL",1
63,TRUE,84.7753290758797,2319,0.422678857912197,"mth1fXwK2kW4",1
54,FALSE,79.237839782519,2258,0.586849826511059,"zCuJxPxPRD7f",1
61,TRUE,75.4407517581891,2428,0.456823471946938,"q6SVhjG8ud97",1
59,FALSE,52.1766543917687,2434,0.181503051318075,"u4gy9Tl21LxG",0
56,FALSE,74.395972261611,2669,0.442624411754651,"AnmGn4OMEEsP",1
36,FALSE,116.793223139714,2216,0.432046917621452,"e3HAnaciq2AS",0
22,FALSE,107.465063874759,1597,0.328266176550958,"RMC7GwNnQ7uX",0
44,FALSE,81.3579008289554,1945,0.656803572449767,"w7SEOppA9pwW",1
46,FALSE,70.1223095967553,1675,0.260204071232993,"SzDF0rX2oGS1",0
39,FALSE,104.621390853238,1891,0.423000191211146,"DVvTVGPF71dH",1
52,FALSE,93.4081574814682,1907,0.225001189975229,"7DsKVzD3QSeG",0
50,FALSE,76.4962379643258,1771,0.453569528707561,"Xtc1Wl3oFf7g",1
65,TRUE,104.787008751898,3092,0.537616653632446,"8it3b6uhBJUc",1
49,FALSE,57.3323992388164,2216,0.374604707478796,"cHtOBEjUuWWT",1
44,FALSE,96.8678649748998,1957,0.367550546004008,"BwkU9vLhjA7e",0
52,FALSE,82.3388468058044,2164,0.12309643869623,"Mk9kpUjj3CWR",0
32,FALSE,109.294882183014,1764,0.386654521553931,"ZImiAC43HF7k",0
51,FALSE,101.675772267441,2482,0.442365422235312,"zAXiabIo3txH",0
31,FALSE,101.628606082181,1828,0.135462835662437,"XurGCWD5Wzp7",0
48,FALSE,81.6177663577694,2036,0.186936009231136,"l1trU3QOqGaf",0
19,FALSE,137.658399193388,1406,0.649031796863805,"2MeIMLcC4460",1
52,FALSE,100.784362839413,1981,0.288591711810674,"Oru0PLZUQAE2",0
29,FALSE,103.743146195306,1608,0.483051297902361,"Ygzj0BEnpbiy",0
22,FALSE,148.451281779019,1613,0.56870314965156,"jnJCuUsXTnvz",0
64,TRUE,77.5222614661718,2461,0.505417048763393,"4UqUqch2nf54",1
47,FALSE,90.0727373253995,2345,0.391196568841081,"aDYJv9YkyQir",1
32,FALSE,111.494780016979,1630,0.553054432148073,"yMwtKrFSC8cm",0
18,FALSE,100.087215828892,1476,0.740985670803991,"2GOKgjdkYcjE",1
29,FALSE,102.514080682871,1891,0.388031604418832,"u7zpHFPTaKyX",0
52,FALSE,81.9558171600054,2482,0.22098903765142,"TkmM0TLZa24e",0
59,FALSE,82.53312627081,2110,0.479485817380761,"vOEe1O9OgA1J",1
64,TRUE,76.4815936148782,2492,0.483630453215456,"7ZW1RYoIj1NK",1
27,FALSE,131.285350604372,1515,0.717004496306434,"rLahRKkD6ygN",1
18,FALSE,155.400976232991,1725,0.660163577830272,"ESZ2SYv49dh6",1
44,FALSE,91.1346994295827,2684,0.233389477124643,"8ICE6niqaEVo",0
47,FALSE,88.2453158641632,2158,0.590633052370286,"aQRDZAHCN9Nd",1
61,TRUE,73.937630517221,2636,0.437799971353629,"oRf5r6ml95C1",1
49,FALSE,104.953201691921,1689,0.372191413432284,"2m1rvxNJUmBg",0
33,FALSE,80.8564208593457,1597,0.305123003485808,"WZoeYV9SWArq",0
35,FALSE,85.6026428324972,1507,0.427883491246327,"XejPHvQaThTS",1
26,FALSE,94.0023551308801,1849,0.536604643276889,"tq2f6cUIxk2k",1
48,FALSE,77.72999947856,2033,0.520447083791173,"bDZt4WLKpS1T",1
39,FALSE,89.280019347988,1741,0.135513611155768,"2GrmTPSK6UNN",0
62,TRUE,80.1375562531506,2452,0.422864449069699,"odAr6eFr605e",1
55,FALSE,99.2774134585142,2277,0.775420477056566,"dutIFQgKbBjD",1
58,FALSE,82.2078126424404,2497,0.361809276041036,"ol5OGmnGMOHf",0
51,FALSE,116.925194423891,2396,0.979027794247311,"uLbUpCxyN1BG",1
65,TRUE,76.6854335297858,2721,0.492298479371205,"y4eQN6HzEtqL",1
30,FALSE,105.237023010156,1443,0.431499804791199,"fQgDsBPwLMP4",1
44,FALSE,90.0555985389203,1761,0.406607588719724,"rSIi0tMkBSCN",1
41,FALSE,127.527540334961,1643,0.450969319741857,"feBIruTlTR06",0
58,FALSE,79.8249340577822,2413,0.278480978925359,"Tr2f5KoOkeV1",0
36,FALSE,85.4484151811952,2256,0.562929662262316,"hzwqWexWjyDa",1
38,FALSE,79.0512764568956,1978,0.449014621479478,"CCO91gjcQPee",1
35,FALSE,123.999519234283,1542,0.725283132710114,"BVOwlAl0kb2p",0
20,FALSE,137.554297111301,1666,0.571289075619677,"eZtUpAqApsHU",0
22,FALSE,141.716053845476,1568,0.684994154479987,"y4EIn0o3gMuV",1
38,FALSE,110.146115829705,1917,0.351003579658195,"K207eCkNEwI7",0
40,FALSE,78.1231771013642,1709,0.312695989930252,"a4bjsdJ6XX69",0
62,TRUE,69.0582893642037,2196,0.289169475175586,"CqRtltUlVz8v",0
61,TRUE,86.4262426400521,2213,0.291675408705086,"Sf8Gwrpf8BIc",0
27,FALSE,137.382714056977,1777,0.849507339253033,"W5h7naIRpZuP",1
64,TRUE,96.1493339859228,2993,0.606288128269578,"M1kDRpFprw3D",1
45,FALSE,86.9987792989662,2008,0.597836011748476,"DZSG53LawiWL",1
20,FALSE,124.889053112057,1446,0.472928820848091,"30L1Mftv26Rj",0
50,FALSE,76.8945662865479,2146,0.442627693932556,"xI4eu7WPrk5x",1
26,FALSE,112.935905270612,1554,0.616812992580837,"Ft4tmZihxQPs",1
29,FALSE,91.0973468257087,1989,0.336941002779229,"TzjrgAHVb7cv",0
58,FALSE,108.997513878696,2546,0.7692248076965,"uxhdNrMJ5C0c",1
34,FALSE,97.7979967942187,2058,0.303321967918519,"gO1pzuiV42pc",0
18,FALSE,109.177323211287,1418,0.51573129619415,"Lkl703LUVas0",1
62,TRUE,63.0138165484385,2150,0.0927077060208541,"G9nzQONrbO32",0
21,FALSE,138.222516718318,1767,0.58794149520827,"WqkPSYGGoRIS",0
63,TRUE,70.9545782699949,2213,0.379172337707462,"ktWGsma28MCV",1
19,FALSE,112.564381356887,1582,0.504846270635626,"OGlXEpIhfMLP",1
54,FALSE,87.4304189182332,2021,0.596252294245219,"M6aes0yqH82I",1
50,FALSE,91.0608631846637,1865,0.238998668682379,"PzEibPkudmyG",0
30,FALSE,127.173102559304,1317,0.360793220079849,"BbwGbxPT9a9E",0
53,FALSE,85.0920845758477,1690,0.665016899069631,"mVKp3D1ogYtJ",1
52,FALSE,66.5626953546801,2160,0.417129185102473,"zpRTpFMvoIfR",1
31,FALSE,87.6679801106548,1500,0.407135855076606,"8TuiPSKyup5x",0
56,FALSE,87.5490935204628,1929,0.300560629678064,"2DFnZzlwh6bM",0
37,FALSE,117.107909582304,1836,0.53639635829655,"4OLVbFoq1eyL",1
36,FALSE,102.392187054723,1681,0.513181428449564,"HS9Zzq6gFSl9",1
54,FALSE,75.726932554003,2275,0.375976292076152,"If8U5lqMqAga",0
56,FALSE,78.1585642832687,2214,0.407144315769933,"kWkKpCqIMsg1",1
47,FALSE,118.01529508882,2180,0.485160227172495,"WiNQXVGhwMEF",0
39,FALSE,77.4711903083001,1890,0.429418210797782,"68r8bp97e9qg",1
37,FALSE,107.635758456658,1549,0.283609994512127,"UnHJT53yFWHb",0
33,FALSE,140.380927761721,1545,0.754299627845349,"oYjbuGBl7jWa",1
45,FALSE,89.0602609994309,1999,0.37669473222467,"vFB2Zx8FWSo4",1
38,FALSE,79.0317142731982,1935,0.476057759709651,"8ctX4a9xLRgM",1
26,FALSE,110.891019649181,1340,0.436886377871002,"SsbWpo171Dfe",0
42,FALSE,110.305471869,2120,0.79771189875829,"nbF2Wfexbuyb",1
46,FALSE,114.827023058529,1912,0.556030450324914,"WZzmVjWe8Qt8",0
49,FALSE,78.7086327194119,2050,0.25218477395503,"D2zmMpiudPcm",0
40,FALSE,102.208379869013,1809,0.629864747203383,"ft5JS4exvjHJ",1
35,FALSE,87.2223662639204,1581,0.505283114036448,"nnINef39t2E2",1
60,FALSE,88.916332482311,2505,0.494894871711883,"7B73ioP93RWb",1
65,TRUE,87.6298351815614,2369,0.525419341843299,"nLMUb8ZfETz3",1
54,FALSE,70.4463146968161,2057,0.250339440946497,"3XjYUYN05hHO",0
32,FALSE,119.95473493026,1567,0.691602482877686,"OSnCZpPkFzfg",1
60,FALSE,79.9876414427149,2116,0.508265684321053,"XllRVctNEDNi",1
39,FALSE,68.3838085106322,2185,0.232357288975949,"o01G2xnmO3mZ",0
18,FALSE,108.869398893854,1546,0.597150368972124,"RmWyyxQuGfba",1
32,FALSE,98.8773174422025,1859,0.640385404354526,"SQMdlCfFTByM",1
60,FALSE,90.332284551687,2131,0.58684370987339,"Qsz4dzqJFfZJ",1
26,FALSE,143.763789367579,1444,0.466036303118957,"EhYLuzmdyJXg",0
56,FALSE,83.3244034938775,2238,0.519026180964082,"iJGWtKlHZBWR",1
55,FALSE,83.2911352908192,1989,0.536795117456932,"OSeG4C9Jqu8z",1
33,FALSE,76.6233819854751,1540,0.184970844472437,"OP7q9WyQVy58",0
25,FALSE,82.7924145797484,1566,0.498475002847211,"Ajg3C1k162Qk",1
35,FALSE,104.300781836083,1968,0.486657283199481,"rKquw9oT6MFL",1
55,FALSE,96.3269880602031,2646,0.117788768006779,"Pm0jkvUpKRQV",0
49,FALSE,73.6662006413554,2010,0.594190796544714,"HgWWAjS76cF5",1
29,FALSE,110.022944500415,1748,0.640672927743848,"gKMeTDYt4Hlu",1
21,FALSE,118.807025810888,1353,0.391533457766499,"q9PYriKPiPp9",0
54,FALSE,91.7273174112044,2160,0.248676748820158,"QA1d6DHJLAiz",0
42,FALSE,96.612924577373,1893,0.519357859049647,"sMRcG5mXcPCM",0
52,FALSE,103.478565198638,2309,0.800930346419923,"J65qMHzwsNO5",1
23,FALSE,117.568015614509,1432,0.49232323672722,"XmgxRcMDURqR",0
47,FALSE,88.9437971610361,2209,0.318106430986936,"ISXImWe1gWPH",0
25,FALSE,110.861736598467,1668,0.647632911147905,"namLiw1hYD1b",1
61,TRUE,78.8614461827776,2690,0.434718758223848,"Kn02Zp9b9e6G",1
37,FALSE,73.2691132094992,2020,0.439226030853233,"cdct08gsxcG5",1
63,TRUE,86.9215962801541,2489,0.112669560728169,"mC7MjCwFcp07",0
65,TRUE,90.7188124925969,2561,0.544651984905225,"ODtZdMGAdPpL",1
24,FALSE,109.549414932039,1549,0.392333416022013,"AXsuJ7p0QCSt",0
35,FALSE,99.343190947917,1770,0.494470207314172,"77RikeNImKcb",1
63,TRUE,95.055831720787,2595,0.366759530520392,"EcyXUTBej1RJ",0
30,FALSE,125.100971807893,1698,0.610472422330257,"oF0xquiVENue",1
34,FALSE,98.403761316799,1621,0.574561289013246,"5EZvW3q43Q07",1
53,FALSE,84.4396410190281,1952,0.352310264079589,"6OsCXD99GPRS",1
19,FALSE,124.791665447211,1463,0.56431359742079,"Nx90M4u32T6g",1
27,FALSE,126.632226299943,1329,0.415250350994147,"d6NTkrne48GE",1
55,FALSE,93.163902461982,2448,0.404224220857949,"9ZlH8ilOvJ77",0
42,FALSE,93.6046578473852,1868,0.342906192062213,"3kjpSUwy6mHI",0
22,FALSE,102.761698221434,1623,0.634560248146015,"bGZO03ZKf3yt",1
53,FALSE,100.516441644224,2367,0.35841894794105,"cXbKG77KHH4A",1
57,FALSE,68.4028126716694,2408,0.290149097146593,"3ao7KULpSjUk",0
63,TRUE,75.3284685997991,2509,0.307157628792546,"tUcxzQ84pqtG",1
21,FALSE,123.597058664949,1822,0.437769744322361,"vGVHKQmJVNwm",0
35,FALSE,89.8643001816572,1463,0.176569123915884,"DPTDJ5o4m190",0
58,FALSE,86.6083241161438,2190,0.54376276485145,"4muWQCsFTqqR",1
63,TRUE,88.6707139527568,2774,0.495411129310328,"SAH5X6yrjb5v",0
21,FALSE,106.105300829859,1353,0.323202842448195,"CzKuk9VFlWzi",0
28,FALSE,114.109244650058,1596,0.604588062343886,"FDKi3Ry4tOq7",1
30,FALSE,109.621660831605,1750,0.453917113773185,"iPN2R0zmxW5F",0
40,FALSE,86.8879579288125,2116,0.322739312211377,"GDhOLzTMFEM6",1
30,FALSE,139.615387570388,1658,0.40509096826034,"vlz5rCoicLQF",0
41,FALSE,71.8620843847302,1791,0.397696704661768,"IcTqt7Ptjpai",1
57,FALSE,88.0165391499331,1967,0.398065711568919,"Qpzvxw5PAUTQ",0
40,FALSE,98.2809946321456,2123,0.478661872534636,"k4mgno0nC1xv",0
65,TRUE,82.2990877814971,2743,0.516187228663817,"nB9XSm2kggXY",1
64,TRUE,87.2450106889045,2504,0.397014553124711,"YLDFpEZzPd44",1
44,FALSE,73.6047491152983,2098,0.292661280030918,"5diYlZMgbml6",0
32,FALSE,88.801162497564,1497,0.35483668131255,"u0uuZcORRwm7",1
50,FALSE,80.7464120662581,2393,0.335256998545201,"zOnbDEiu9RyS",0
44,FALSE,75.5672171552572,2024,0.14835143283181,"jU8YqWw1GkXG",0
28,FALSE,124.145708509013,1861,0.370295467753587,"HpJUMD5dBtQK",0
28,FALSE,93.4915923996964,1472,0.519570497174339,"iWGms2DPaRTV",1
35,FALSE,75.7231114233863,1666,0.529534527505553,"NuL8x2EN5h6C",1
30,FALSE,99.9785734762362,1756,0.522781291216391,"QBrviO4N5YUm",1
61,TRUE,72.5420081758893,2853,0.519858530090826,"EfptAUZMWS8w",1
48,FALSE,65.9624361916189,2031,0.450146851340524,"dzDPIArMOaqa",1
56,FALSE,81.1792430313049,2033,0.486728301817422,"boIbwizIhgYE",0
24,FALSE,108.078287669923,1553,0.509249617786392,"fOM349C0z2J4",1
51,FALSE,83.6885344421997,2058,0.288220176834827,"s3U1vW8P9hOs",1
41,FALSE,106.706585131612,2209,0.515222282765608,"mt6BaWXhHRn7",1
49,FALSE,54.7941653689568,2236,0.401491309225848,"Bci0DfZcLGVf",1
23,FALSE,119.209480486458,1654,0.730008746006891,"IQ33FDL7LERp",1
20,FALSE,111.879242654498,1514,0.832393250254703,"I4jqakbzqWth",1
41,FALSE,95.8343976825451,1718,0.555224287009906,"AayNY7m6PRKL",1
38,FALSE,80.5335346209907,1830,0.578669283717433,"Iw78tbBYvJBd",1
46,FALSE,87.6622844992158,1924,0.569634030548419,"9IfxCFSBHoP6",1
39,FALSE,76.4611403804457,1743,0.471360146585929,"RnnpS5CVOYsP",1
56,FALSE,65.3797441934133,2190,0.463317603229906,"kkAyZij9ZTeb",1
28,FALSE,144.184487070715,1451,0.758046684836094,"7F9JuXq0lFHc",1
53,FALSE,100.238634156091,1957,0.596233496422434,"7bcvEAYGWEpK",1
49,FALSE,73.0349569404316,1869,0.41975276691909,"r3fFNrtYMzZj",1
19,FALSE,123.781717527446,1682,0.42756948941478,"LdcTEHAIjlXJ",1
34,FALSE,98.6510027278492,1919,0.24659332936198,"w005BycBQzDj",0
47,FALSE,123.154084062715,2262,0.592733486886323,"vmg3WMFa5Jb9",1
65,TRUE,87.0186402862538,2673,0.637870473399096,"zsFeuaj3ONsh",1
40,FALSE,72.7495959213602,2128,0.438280679910684,"HFreu6MUfFpe",1
24,FALSE,140.747013236608,1739,0.802083750880693,"d13o4XUTEXz1",1
44,FALSE,98.3234502522276,2072,0.44821636751597,"jywwsWBnCTDo",1
59,FALSE,77.646527567114,2879,0.562440641968138,"IQwhAAsJe56g",1
60,FALSE,73.6692924875242,2290,0.164001928668152,"hKr9pdmRO2ca",0
57,FALSE,85.3401358907921,2016,0.650252208388677,"5fALPVN6xBfs",1
44,FALSE,89.4762300867583,1927,0.673153923756675,"G9E9wuwlJkDU",1
39,FALSE,111.189953852824,2188,0.550034136790254,"efXdQTPMcXTP",1
19,FALSE,110.675300571225,1614,0.701992940498746,"4nZ6YUokfmGh",1
62,TRUE,95.6105418076718,2525,0.662511524634821,"vM4loaLWQUb3",1
64,TRUE,85.451088124002,2670,0.279719921100831,"IscWuprz7ppE",1
41,FALSE,101.791527915461,2044,0.567432573030573,"LPGt9iW4BCk0",1
38,FALSE,90.6321426733125,2030,0.440932453916275,"PVueQJuDmsjK",1
38,FALSE,101.529908320897,1807,0.655531511781514,"C2oMT3rNd266",1
34,FALSE,70.435274089697,1561,0.421055108716932,"EvpxOqumZuc4",1
45,FALSE,97.8881890055961,2099,0.546314672449831,"g4xRgs1xba50",1
45,FALSE,98.5130687510231,1734,0.342390539723355,"YudUSijwqiEA",0
64,TRUE,83.8579685435703,2425,0.168539438466947,"H5pknoEaWGU7",0
52,FALSE,96.9800571682826,2108,0.190641642856775,"8LGoLi3iYbDp",0
30,FALSE,113.859661044767,1596,0.480398895172596,"zeTknXSno1qw",0
24,FALSE,128.630205933356,1716,0.872744219578088,"h5pNr6dpVBJi",1
46,FALSE,103.541696478258,2009,0.667911632221784,"E3jCNgZY9ZGX",1
48,FALSE,99.7755271306871,2087,0.492805899441683,"ze7BIydMHlRB",1
23,FALSE,79.6441856621451,1106,0.372131852331239,"FPTtmiKGWsfO",0
49,FALSE,81.2180164106589,2178,0.566744515488825,"ZT6wmxM8oi33",1
65,TRUE,81.9004290613222,2967,0.475783838839746,"nKvfmW5P9adS",1
22,FALSE,154.895479196425,1390,0.817901836127975,"5nc7u04Wz2su",1
31,FALSE,93.3975321638748,1546,0.480602952246319,"pu0kEnQceFfe",1
50,FALSE,115.826793214268,2428,0.521503607123011,"I48csmOV2HGT",0
48,FALSE,109.867437319617,2188,0.498964064878246,"X7XB9L1BnmCU",1
38,FALSE,103.136944654174,2018,0.571636666444895,"0bSNcMKg1urF",1
57,FALSE,79.8347088588826,2216,0.496751695760234,"NtjyXgE2YLvQ",1
37,FALSE,96.3789918005026,1633,0.282639421270193,"QW2ErzxoxMb6",0
45,FALSE,82.0255990871242,1954,0.503409964414876,"HpLQeiYaMAhF",1
61,TRUE,87.9561619446727,2440,0.506164171714813,"cZHOEJCy65Rw",1
53,FALSE,94.2496694372359,2236,0.732569368124833,"XJkf3ZkhAkEF",1
20,FALSE,147.648377878918,1266,1,"F2QXowDemkbc",1
33,FALSE,108.9415303232,1680,0.476146738175939,"TEMCDjys7JLW",0
64,TRUE,77.5755033574859,2465,0.340783054429082,"r2iqu11i7gkI",0
56,FALSE,88.4367904691761,2409,0.213441202412037,"zd4oF2Oty1rj",0
28,FALSE,102.080810182111,1708,0.306981394183469,"zgOaGaaJ9jJV",0
49,FALSE,94.3170345195335,2098,0.264267644010525,"b1XICWWn8pTY",0
59,FALSE,107.263037320463,2116,0.489324399287889,"x8ILG3hPSciD",0
52,FALSE,65.4524896328727,2152,0.350599828192588,"qLxXNOPt3We4",1
54,FALSE,94.4406278502816,2676,0.607661246360583,"KORilHxbFHqY",1
28,FALSE,136.043179483686,1879,0.802408083688043,"xEbCloNIVdXH",1
36,FALSE,86.9821388488603,1856,0.498811255501548,"KfyVeIH96ztX",1
57,FALSE,104.196232933558,2080,0.280492072069181,"cQCnLePBIJUm",1
52,FALSE,93.0336432649866,2249,0.318194206543995,"zl4BYRzK3CCt",0
38,FALSE,104.488204392024,1964,0.207652125209929,"hAbcOM3vInG7",0
31,FALSE,118.850795736156,1644,0.758622393958357,"p2HNEO29nBHs",1
22,FALSE,102.359600986285,1528,0.548220544414267,"Msym2yUGMFzN",1
55,FALSE,104.960518598596,1983,0.57468496100535,"Retu0IBYH2aO",0
48,FALSE,89.5148665115671,2031,0.34137179203722,"zKLxClxjKFlH",0
37,FALSE,113.810891566372,1570,0.502253171474374,"MOfS3FI5e51G",1
58,FALSE,66.0352403425104,2081,0.121089404111205,"UBXRjwRq61dQ",0
61,TRUE,67.1746417999793,3295,0.263053950061859,"EVp3VLhJ6a3W",0
34,FALSE,92.475549638555,1744,0.546182342081417,"wEmN4uH0QbUr",1
28,FALSE,101.678539492816,1717,0.554786986588393,"9MAuo1lw2XnN",1
22,FALSE,111.987093697971,1304,0.324531047551903,"CbWszxnK5uRc",0
41,FALSE,102.708283268779,1723,0.348341390740931,"opHCokw4cJaZ",1
44,FALSE,115.064993648565,1787,0.365753823560989,"crCYWx2BeQnT",0
50,FALSE,82.7966693669209,2040,0.406354071812266,"AaVkG37qEd0j",1
65,TRUE,84.357703428723,2589,0.449029845033708,"qERBkq6w94aG",1
64,TRUE,72.5807856117921,2642,0.375005099880768,"hVcH50oVGnoS",1
29,FALSE,140.650065814324,1639,0.659223114981366,"Xrx3tTpTAJkg",1
32,FALSE,128.679477813568,1579,0.692396401716099,"fElnpRLqqm1E",1
51,FALSE,87.5298473677457,1952,0.635752043164688,"OKmEIJ3javuN",1
46,FALSE,79.9320144397492,2243,0.504233165808568,"4raz0fC8E4nJ",1
26,FALSE,112.748537321844,1754,0.510635046974019,"gNZIjqgrFyad",1
51,FALSE,90.0184743643984,2212,0.31388377868891,"c3HKYVC5n6JG",1
38,FALSE,106.809292343286,1869,0.433881517697815,"owtx9LW3L3WF",1
50,FALSE,76.8774650663127,2057,0.105204911082698,"9QZcGtYGVbyl",0
62,TRUE,72.6817950607908,3046,0.41996149512478,"oKXeDIajC4eH",1
21,FALSE,110.716747401843,1674,0.700704519662167,"EZapDpVo1cMp",1
49,FALSE,88.0392008493131,1997,0.537611102130801,"80azwp4rmLb0",1
37,FALSE,106.632801212831,1767,0.595870622189377,"Kd7lHP6yVGOC",1
54,FALSE,111.56085530826,2587,0.278141084148865,"foiUkRub1DJE",0
33,FALSE,111.621555832048,1741,0.402115254848799,"2Gv1OFC5BW3U",0
56,FALSE,91.77682096614,2151,0.521143635319856,"27VHOMn934Pz",1
27,FALSE,99.6058067616403,1870,0.482375016207308,"8w8gifCftEoL",0
42,FALSE,91.3689098448818,1857,0.678618700471381,"2PXiDtIfAOOx",1
18,FALSE,105.679002353005,1585,0.57591990010933,"DiGliroNUdMg",1
50,FALSE,93.2036172253205,2201,0.12203614097628,"Ki1U2DjeCI8x",0
60,FALSE,95.5485668714053,2629,0.522729142488524,"K65dXUPiOoTm",1
38,FALSE,102.370801411886,1837,0.138633373839425,"kUe8ZOHrZovg",0
27,FALSE,140.366954800624,1623,0.662852162690064,"Re4St43kIONf",1
65,TRUE,79.3413747005176,2481,0.420716938013529,"5GsgnF13G3Hk",1
50,FALSE,68.4339685234892,1781,0.543961714226947,"s0xXXmAe4miq",1
48,FALSE,99.4683250624242,1703,0.463146549812854,"R43fs6305jE5",1
43,FALSE,69.0220995481906,1954,0.230306866235499,"YoDKXAedgeGT",0
28,FALSE,143.037554241917,1620,0.669713666875946,"fd7MkIK6kIOI",1
47,FALSE,106.253315664123,2321,0.612866620748439,"zrxcSlxckzEG",1
47,FALSE,123.347331392263,2295,0.801131627852614,"sPujGOujPOdA",1
56,FALSE,64.5124799163659,1942,0.229990758172281,"RcYXposnOZLV",0
43,FALSE,109.299963758872,1871,0.54392634280466,"GA1Ku0lZlkAo",1
32,FALSE,81.6892871257006,1436,0.555600593995747,"aAX12ZiB8QJ5",1
62,TRUE,70.4143866958833,2051,0.455905510962797,"s2TtvhklrY2H",1
37,FALSE,103.329066681997,1775,0.341809516224411,"XlDkbRG1jnco",0
54,FALSE,72.0027425476107,2308,0.292550238645387,"HcCmVhrqgCAK",1
26,FALSE,111.094906871521,1708,0.602656704075166,"zctFu45rlhf3",1
49,FALSE,88.7416287295613,2055,0.505009103935707,"ROa43tehxYZU",1
56,FALSE,84.4513961894803,2127,0.246781509914631,"GexkBFO2cfgw",0
52,FALSE,96.4472199575674,2328,0.536669243029282,"L5AN75KhbRjV",1
56,FALSE,69.2270342556971,2110,0.563277020768409,"YquruLRiB8hw",1
27,FALSE,70.6676320095795,1854,0.275828912104401,"ZZSu3FfUVhNo",0
24,FALSE,128.133561263631,1420,0.332958246911511,"W5QQP4biUJKt",0
58,FALSE,110.496634686737,2022,0.707386310272242,"kyGaccfwdrzS",1
61,TRUE,92.7265010265807,2668,0.380171893513536,"X7Mlwr4lDlhe",1
38,FALSE,91.2599945604974,1877,0.623871440710682,"LxCvPWYqOXHU",1
50,FALSE,86.9466036910891,1759,0.535285460238674,"ZPvHQohX9owY",1
19,FALSE,122.70464602179,1257,0.726843587205866,"QvPRCoQDhpOg",1
46,FALSE,64.8516692672793,1687,0.406685264372131,"DaEDbiX0wO1o",1
30,FALSE,107.626324815586,1531,0.48033994673053,"Qnx7Yx7NAbR1",0
42,FALSE,105.72953178748,1890,0.612046298283364,"b9t4T4CpdBSh",1
43,FALSE,85.5694408206481,1866,0.194482346597029,"JscwLgunvCu4",0
62,TRUE,75.4194125848594,2325,0.317547953464853,"HXfROY1RphdB",0
26,FALSE,90.2540381013513,1726,0.217558027061747,"a4w9ZHG5NG2U",0
59,FALSE,110.005615740413,2314,0.676278847471826,"XMjeM8gbyu32",1
42,FALSE,77.9478237269712,1606,0.363663819533442,"qFu1eJWYdLC2",0
54,FALSE,69.6740094883751,2489,0.530366633436173,"ER32D41WzGZS",1
21,FALSE,123.151470392665,1507,0.450675384708622,"9ZkjoyHkMMXg",0
49,FALSE,69.2414850994466,2547,0.319611466585443,"CjL2QCt5L7mE",0
48,FALSE,111.37160862787,2064,0.618592695793998,"vKAQwTGYhtQA",1
42,FALSE,90.4136846261435,2000,0.32176997315254,"Ts7QconBk95v",0
25,FALSE,128.903673279583,1267,0.704152939610032,"kPrwZ8tzGmQx",1
31,FALSE,113.411590077299,1834,0.580782452108659,"yXhJD8o0xQAg",0
30,FALSE,108.543854490595,1521,0.747997613918721,"ugSpJXGz3hAf",1
48,FALSE,91.9777915517505,1704,0.250018641574131,"43s8X82WS34w",0
61,TRUE,64.4289150278843,2433,0.234343026054393,"x1T2qsoiP7pf",0
20,FALSE,106.255390810111,1589,0.151439330755542,"4fGHq8xcPKd7",0
38,FALSE,65.2261758276092,1853,0.291380992586651,"86jdlsVHPkzP",0
43,FALSE,81.8889035990979,1828,0.394572763614295,"NqdTsr2jD9S4",0
21,FALSE,141.365029459639,1405,0.659425991251535,"qqzAXeIeSTa7",1
46,FALSE,79.1493009913077,1982,0.673339346283913,"u256FaPALoBB",1
39,FALSE,106.864113991924,1883,0.552559558309371,"Cj0mba0Ssb3r",1
35,FALSE,92.8943069513672,1614,0.60442280566747,"W7ZSZwAkdtkV",1
63,TRUE,92.2892981593427,2274,0.194453493602108,"M734PGrmNUBV",0
48,FALSE,91.2009878358045,1883,0.333172521668114,"DmcldFWUOyWU",0
20,FALSE,115.625277238489,1490,0.445852947326293,"CM9eMRQ1flcP",1
50,FALSE,95.0735526986182,2067,0.503365474661025,"t4cnSvr89pTp",1
32,FALSE,90.1067103269,1821,0.303858233776026,"1cUm69cBd9Gu",0
61,TRUE,78.2444234695515,2952,0.210604841875015,"mOusa4S8LOmm",0
19,FALSE,132.897251345817,1301,0.632623506826262,"28SkHcihK3Ow",0
39,FALSE,79.4782754297816,1925,0.266076923185698,"qd8LvzV7LQoI",0
43,FALSE,92.7693793039691,2312,0.508623155264898,"dAK4NHrxGRQ0",1
26,FALSE,95.7048687831501,1490,0.43153007985899,"5wvXlteGcLLK",0
44,FALSE,85.0134791986076,1956,0.520265079670877,"CtBQAczaIOEG",1
39,FALSE,107.33441298018,1805,0.622630906157215,"VuB1U8ilDIUY",1
57,FALSE,68.8782413104151,2066,0.276271548423569,"MSOCKgEzY7Qb",0
59,FALSE,90.28079735474,2418,0.648731688707435,"NFZPAHt3QVgF",1
39,FALSE,78.7162479544992,2053,0.530137950129375,"56qZdifzZ0Ci",1
53,FALSE,89.9345103878152,2088,0.313736722813897,"XQneer9vKaLd",0
47,FALSE,106.081071319221,1848,0.661922518372956,"TzsH9id8cp26",1
43,FALSE,88.9429518986896,2046,0.519093424575256,"l3nlOlMZ6qSr",1
28,FALSE,110.999776406858,1396,0.584300842233315,"xDqtwzCVT4DO",1
52,FALSE,111.520835671911,2248,0.626507915828409,"4KbqgRdNZkUw",0
61,TRUE,72.6813227761533,2446,0.394540801963663,"ww5Pd0UJkbTB",1
18,FALSE,103.978959775223,1460,0.336884546687622,"PNAKyBnfAb7q",0
64,TRUE,78.7745917879212,2439,0.514990733810361,"DIwCcv8uRhfu",1
39,FALSE,109.50775759555,1683,0.416584824090916,"kjvSnVRw3MFO",0
55,FALSE,79.0027964156348,2201,0.507796641437637,"6FUUWz1GNk1v",1
32,FALSE,121.2289997981,1626,0.572728820965673,"iXlGA2IrgRVr",1
48,FALSE,65.6145837493736,2246,0.179059315770831,"z6gwFspQOGnW",0
22,FALSE,140.516127206436,1357,0.808115230226876,"JhDJQ6SMfs1h",1
40,FALSE,75.3831144019539,1758,0.41578276326725,"Czv8tbGq6pPW",1
36,FALSE,76.716143195678,1738,0.433626010722805,"xls7sbWK0qv7",1
51,FALSE,97.4745383456124,2276,0.789395563208306,"52jxF3qJqjvO",1
21,FALSE,101.963470937359,1439,0.281982817596648,"FEhtKsEf0ML1",0
35,FALSE,91.7369676866228,1647,0.728759867313605,"OK4h4Z2Vs66K",1
42,FALSE,111.051951068437,2040,0.706543481707201,"uc3XgrUuPRqo",1
30,FALSE,127.904213881065,1600,0.858587499781353,"dLPweCJOUjrR",1
21,FALSE,127.221512644529,1626,0.399324297414765,"Z7D1SYWnwNIB",0
30,FALSE,114.729007181037,1451,0.472251076075796,"CVYylhaEintz",0
29,FALSE,131.913600585605,1901,0.446509112306827,"rceVnqNiH6L8",0
51,FALSE,84.2961743734832,1975,0.419125222397785,"wy75mAs0WRaJ",0
60,FALSE,95.8651002339835,2477,0.413781452548949,"mIoF4IzcGWmC",0
57,FALSE,98.4730311356552,2133,0.425535107138989,"Gnm6hnA6hIpr",1
30,FALSE,103.194513762191,1627,0.396116736546954,"QHrxKXpDRtld",0
26,FALSE,86.6620528582651,1517,0.232405992006323,"j2oug2x6ZQJi",0
22,FALSE,140.725416395004,1689,0.942551212840646,"sM8y4b4XBNJi",1
54,FALSE,94.6956605307993,2124,0.662983852421196,"hgnU9diX3eXM",1
50,FALSE,93.3057864885682,2003,0.211836733307846,"6HVGzTWRTes8",0
25,FALSE,95.5263871710706,1565,0.304894503401715,"8Qd4I9EEm9nj",0
22,FALSE,114.727244181187,1486,0.734817644458821,"iGzVnjTJ8q6W",1
40,FALSE,96.3128776629237,1778,0.287455126740518,"3iN6suWRzDZF",0
18,FALSE,116.654278850173,1410,0.582016123150943,"B33FdvFdLwmY",1
23,FALSE,96.902744656667,1543,0.515909205865524,"lJv7DNN2HpHM",1
35,FALSE,96.2008266219698,1653,0,"EQJ0ABtGALN8",0
62,TRUE,61.1290319374151,2404,0.39724059438201,"BnfSppesn634",1
53,FALSE,108.172961971144,2447,0.59267647673869,"bDcr7c171EZc",1
41,FALSE,100.35811025564,1853,0.703041845885179,"VWLr3h1gmlli",1
27,FALSE,133.080304522054,1426,0.447651280006194,"jjeAPuX8GDun",0
61,TRUE,68.2801058011264,2793,0.210615979973312,"ifXMupmeKLTn",0
59,FALSE,80.1974811407078,2607,0.576002030906592,"uuX5AvDnv6bP",1
18,FALSE,156.908880187953,1553,0.370809094860342,"9BsKmH6AKcX9",0
63,TRUE,90.918928053956,3134,0.37770957292932,"IjFjlOolwev9",1
19,FALSE,112.940817667047,1454,0.62554371808412,"QRAri5UHKPbQ",1
49,FALSE,85.1665184879377,2442,0.382855778602073,"Fhb8Dz2IUoLU",0
41,FALSE,88.9319533257992,2311,0.483112077018693,"S6gEzwuc8VIG",0
64,TRUE,95.8986648403531,2293,0.571821752587749,"nuvkZquB3ucN",1
31,FALSE,97.6311825551764,1603,0.647979652599679,"G8Aodsgq2Y47",1
24,FALSE,115.68670778496,1432,0.827658385705042,"0U9IwRCAYHLY",1
20,FALSE,138.77117012331,1428,0.487269696873504,"lQd9iYCKIPwq",0
41,FALSE,91.1890801498465,1738,0.277239859592441,"SFfSJGL73wPt",0
53,FALSE,107.744502115781,2275,0.363369062560438,"dVSJpWuOBh2n",0
19,FALSE,118.059035915011,1400,0.589147204426536,"VFCokmq7d0JG",1
29,FALSE,124.346621164636,1444,0.557086230439318,"HU52Rq516nTW",0
37,FALSE,117.203839689154,1585,0.710698994083789,"SwSFu6qjYfnE",1
27,FALSE,108.292347504384,1794,0.276136908736814,"PB6kWAdjPJNT",0
56,FALSE,81.4741024027278,2444,0.456610051871563,"6xsLqyTutUml",1
46,FALSE,102.640065430673,1773,0.545858790313969,"jEAzBFdfoNW5",1
56,FALSE,100.182483424495,2152,0.438698164910579,"lbNzLFH6EBT0",0
54,FALSE,103.785979108616,2424,0.322121345911042,"2tmNIch7QWbA",0
26,FALSE,90.2147243384309,1390,0.568457561995642,"gaSqcP4nH4Pz",1
57,FALSE,91.5497709812737,2080,0.41283724703135,"hXl9ipGsu1DP",0
28,FALSE,90.9502444694538,1511,0.439698551191076,"7zMxIjSE9CCh",1
50,FALSE,65.9509449911106,1870,0.430526302711916,"Z7duFP1plznm",1
55,FALSE,82.3774543434463,1836,0.494185968270066,"TmFaHuZSlQsX",1
21,FALSE,102.468963404256,1170,0.423278862404262,"miHF0IkEbd7Z",0
33,FALSE,81.7265043215559,1912,0.298152800069353,"tF8ZGHLRDAIR",0
49,FALSE,99.0954993571736,1861,0.32393874115888,"tt6LIP8K6FTw",0
18,FALSE,82.7552965788118,1528,0.425545100369023,"UoiZdlnMvqqE",1
22,FALSE,124.85098712257,1495,0.475118347994227,"de6A2kwoi7Q5",1
51,FALSE,98.5524833769216,2356,0.154085380744376,"hLYP55Y0357L",0
53,FALSE,94.9897365556875,2214,0.477998420853751,"UnTKXNEzGsvT",1
47,FALSE,89.2974986044131,2129,0.625976597656814,"QhczGs0pSzJk",1
33,FALSE,121.527117259573,1602,0.684377166990174,"KuNrP3bHWYX6",1
46,FALSE,92.571668893977,2149,0.652562261466058,"eQYPsUrlxoi8",1
38,FALSE,83.8443716796149,1701,0.550223910109612,"vwu9ikCMnHMB",1
44,FALSE,87.2527264875882,1904,0.516896494431363,"NSApQz4pIx8w",1
19,FALSE,163.325739382045,1571,0.943605590799198,"8qcfJsHMtxBF",1
28,FALSE,109.171697143358,1405,0.297210718750533,"0fYysBEOlb03",0
52,FALSE,85.1516836573681,2038,0.264452291583248,"BR5EbA5pictC",0
38,FALSE,82.3885454355,1808,0.599569141145987,"9bjInxoLWfDF",1
37,FALSE,61.1914270610424,1683,0.147678623883572,"iLOcG7I6R7rO",0
19,FALSE,126.611917233428,1335,0.62535424775877,"NWITaDdUXWw5",1
24,FALSE,114.3411095025,1602,0.526671430038304,"bATZYaPDrQ3S",1
29,FALSE,75.5889351038493,1635,0.310718763083181,"hGAE2pQatTjc",0
41,FALSE,114.740560383327,1877,0.50811186943335,"ZopS0kEgUm1v",0
30,FALSE,76.3599686274596,1526,0.276701929622351,"cYB4ojFrgJ9B",1
55,FALSE,62.9527911010131,1935,0.470898650016517,"ouyoGRCzUrKc",1
37,FALSE,93.7572532606565,1536,0.475426272793992,"WcrSfbojQeMo",0
39,FALSE,104.357280321618,1573,0.433759723151098,"tdNs4UbGGk0O",0
37,FALSE,83.8520124580946,1728,0.492243209070004,"cxGmVvwJg5vB",1
41,FALSE,70.626173947475,2136,0.438311319652266,"F7Xdr9QwJIOh",1
57,FALSE,96.403994080341,2014,0.704128633213973,"HwVs15T9EzvC",1
31,FALSE,108.805897351009,1866,0.459250880631455,"XfmIkn9GLDjn",0
65,TRUE,98.7212534947872,2511,0.559160341114614,"FiE2xk1dRmrK",0
44,FALSE,87.3692957697165,1909,0.529611878296213,"yGfzNjN4bi5X",1
23,FALSE,108.245041043297,1260,0.728081042772242,"8hJ3tka3uLyb",1
31,FALSE,111.607194869934,1799,0.35728148862404,"ONDLOYkP0HAV",0
40,FALSE,112.431383947318,2175,0.810634429408294,"H8OLRRfUOyF5",1
19,FALSE,173.026274808987,1426,0.622662504726836,"a8jKdJ9Lfxsr",0
35,FALSE,98.4380864966589,1538,0.418743868607312,"S5OBX2ZTWxkk",0
43,FALSE,103.610920562032,2213,0.589799305244827,"aVdVZXtqaAfC",1
45,FALSE,90.7759182896951,1740,0.626184968710117,"ZKyDDi4EDVr6",1
39,FALSE,108.993316576997,1673,0.538268159171966,"kpXMrgH4SnVE",0
42,FALSE,120.253351720168,1667,0.557434405535847,"6E2ccyUN5qM9",1
19,FALSE,115.03569875036,1510,0.784056129861559,"F2Pr1lLpytoy",1
56,FALSE,67.4579749375949,2469,0.120297908604246,"uFObCSYQXg34",0
53,FALSE,91.5207038056829,1906,0.327943895755571,"1WtoTG6zpCsO",0
43,FALSE,92.4849082928223,1704,0.447688719665396,"qgqhMyVLGPdV",1
32,FALSE,85.7242066736759,1644,0.270099792369909,"jDnuBMwcK6WK",0
37,FALSE,72.0398524531913,1813,0.544149288731492,"5dUAF7fxhAF9",1
24,FALSE,117.759501946268,1863,0.148245897431743,"M7aOG6e4fRJY",0
61,TRUE,80.0871961122475,2231,0.48056696275667,"7dfLDv4l3M5c",1
20,FALSE,169.321825744738,1790,0.422485579367514,"uILyNIFHtIf3",0
58,FALSE,89.1602681230394,2431,0.672047445634198,"sw22n8Vptqrt",1
64,TRUE,82.7859423798479,2565,0.63408701411956,"TYDtwwXsDsik",1
40,FALSE,95.5601033407225,1909,0.615322097849829,"T8GZwV7ylUh3",1
60,FALSE,92.9114172958622,2320,0.491246372975472,"3XExzmGBYvEF",1
39,FALSE,95.1934026577887,1818,0.426013316086682,"WBY1EA5BITUr",1
27,FALSE,72.2483099028825,1652,0.437125212253266,"SMOqjlBdclQo",1
61,TRUE,100.953652394941,2453,0.348579348821877,"xg5RRn4H5V2q",0
64,TRUE,77.4323108962767,2960,0.135005743782787,"48rYJ7H0S0cY",0
51,FALSE,85.0774811513707,2116,0.476203057249866,"uPevEnkkhpz7",1
63,TRUE,70.7008468355871,2797,0.254696423827251,"O2533hQiUnsf",0
24,FALSE,94.3775684952077,1824,0.289876318482141,"Z3CfDFqdqECq",0
55,FALSE,106.040954859206,2440,0.349694802928883,"aO9QqC1Db1LR",0
42,FALSE,114.490444192807,1701,0.278489854228297,"jpfoF4xwjv6x",0
61,TRUE,92.7131233245253,2503,0.380804171297299,"5QVYdcYeB6Ca",0
32,FALSE,119.566263505539,1808,0.695478751923166,"v3DS0Wjhvb8p",1
47,FALSE,89.4252919160179,2333,0.296487820541729,"94pCwQ1icEtp",0
60,FALSE,74.3896788205233,2672,0.261020277224897,"qpU9AQ1rjldu",1
64,TRUE,65.5866316740917,2287,0.364042000800427,"bzgZpsKReeW5",1
27,FALSE,113.813963480304,1609,0.690193893500352,"5BPBdHn9BTxD",1
19,FALSE,104.034592581375,1344,0.184571713849374,"WaJ7MC5D3plx",0
49,FALSE,88.470433800459,1983,0.262671965818063,"PECA1d54lk6K",0
64,TRUE,53.8499261086241,2963,0.324060885178495,"oimhRP2wCfau",1
51,FALSE,88.4720324959157,2702,0.466646228885501,"3EF5PsOMgpun",1
19,FALSE,105.242377797307,1543,0.550729304695209,"giUuXlCQp7Tb",1
46,FALSE,97.0075250379015,1777,0.485688561026544,"VeIg8NdOWrqk",1
21,FALSE,132.265843921175,1540,0.457983997262303,"7VchiJ3sTNYJ",0
31,FALSE,98.3980698070894,2204,0.184006195309545,"QOjtcoQAqxvy",0
22,FALSE,112.653709047879,1396,0.438631606546844,"Ts1JvlnNU1a6",0
50,FALSE,88.6920610654802,1874,0.503022854746301,"TcHaVBBjYvKF",1
65,TRUE,83.2568673581954,2441,0.376206046595613,"MuJ2A0BmqOdW",0
47,FALSE,95.0197412509675,2186,0.443634888371693,"3T19xHmo4yqD",0
22,FALSE,137.929395382847,1582,0.866092444315879,"9A1stiL3gtDr",1
21,FALSE,103.370387998294,1541,0.654379796862966,"MAazO3tbglQv",0
34,FALSE,78.0652584749748,1763,0.252488284852027,"66bhPq2fzcqc",0
32,FALSE,112.843789883862,1458,0.510007567271443,"zxdiajlJnmC7",0
18,FALSE,118.365188871765,1437,0.425149931326845,"1pzilxzAyzQy",1
20,FALSE,94.2893325311822,1635,0.632457715867845,"d1F8kxlvn8qV",1
25,FALSE,119.006792792912,1573,0.372281507100082,"3IfHPcbuFo8x",1
24,FALSE,124.256620917719,1390,0.628257274645622,"Huhm6NHeQrki",1
31,FALSE,109.042528594213,1896,0.61485375977346,"N3xANtFqcUaq",1
50,FALSE,57.6215730943813,2085,0.457064193195952,"e46m9BXJMTSn",1
46,FALSE,105.971695579025,2102,0.451511740434964,"NPIyIWvJnSgh",1
36,FALSE,87.5452895073583,2135,0.27256480587245,"XFxRK916TZJZ",0
56,FALSE,70.7704443211063,2218,0.463994541190526,"urGiQzNNIkOm",1
43,FALSE,86.8825935757284,2320,0.247055028669026,"WRgpzPdFwzjD",0
35,FALSE,99.4679291426474,1613,0.306342928726085,"2o4UukVPXK8K",0
24,FALSE,132.264866772107,1553,0.30450705448445,"21AyezXLXEAP",0
49,FALSE,76.5903107498818,2416,0.272409948636426,"9Hr0sSj2N0f5",0
32,FALSE,82.5242296149575,1486,0.249625829713534,"eGDBf0easIKx",0
22,FALSE,119.806451297756,1563,0.638665067543819,"3h2ftgm0WntX",1
24,FALSE,107.818717604951,1553,0.613165076831386,"mGx8e9sAlfFd",0
52,FALSE,96.493117444813,2165,0.281095161367127,"NaEciwYshdZg",0
59,FALSE,89.6623381281402,2612,0.318851915853397,"cJdY0VLRvXfp",0
46,FALSE,102.436405800567,1890,0.150143596753883,"UzP0mpaGwCn5",0
65,TRUE,76.6817585136772,2470,0.287144653573054,"Y1WltaqpHkli",0
55,FALSE,79.86562887492,2416,0.359903609524331,"bCdmLQRVEVBs",1
